{"cameraMode":{"drawMode":0,"name":"Shaded","section":"Shading Mode"},"sceneLighting":true,"audioPlay":false,"sceneViewState":{"m_AlwaysRefresh":false,"showFog":true,"showSkybox":true,"showFlares":true,"showImageEffects":true,"showParticleSystems":true,"showVisualEffectGraphs":true,"m_FxEnabled":true},"in2DMode":false,"pivot":{"x":-1.0131454467773438,"y":1.146249771118164,"z":1.2287311553955079},"rotation":{"x":-0.0032093471381813289,"y":-0.24439941346645356,"z":0.0008077808888629079,"w":-0.9696633815765381},"size":5.0730390548706059,"orthographic":false}